ArrayType,Size,Algorithm,TimeMicroseconds,Threshold
Random,500,MergeSort,134,0
Reversed,500,MergeSort,86,0
AlmostSorted,500,MergeSort,89,0
Random,500,HybridSort,65,5
Reversed,500,HybridSort,46,5
AlmostSorted,500,HybridSort,47,5
Random,500,HybridSort,55,10
Reversed,500,HybridSort,39,10
AlmostSorted,500,HybridSort,37,10
Random,500,HybridSort,44,20
Reversed,500,HybridSort,35,20
AlmostSorted,500,HybridSort,387,20
Random,500,HybridSort,48,30
Reversed,500,HybridSort,35,30
AlmostSorted,500,HybridSort,26,30
Random,500,HybridSort,40,50
Reversed,500,HybridSort,38,50
AlmostSorted,500,HybridSort,18,50
Random,600,MergeSort,132,0
Reversed,600,MergeSort,101,0
AlmostSorted,600,MergeSort,118,0
Random,600,HybridSort,86,5
Reversed,600,HybridSort,55,5
AlmostSorted,600,HybridSort,55,5
Random,600,HybridSort,75,10
Reversed,600,HybridSort,47,10
AlmostSorted,600,HybridSort,41,10
Random,600,HybridSort,56,20
Reversed,600,HybridSort,521,20
AlmostSorted,600,HybridSort,31,20
Random,600,HybridSort,58,30
Reversed,600,HybridSort,47,30
AlmostSorted,600,HybridSort,29,30
Random,600,HybridSort,54,50
Reversed,600,HybridSort,52,50
AlmostSorted,600,HybridSort,21,50
Random,700,MergeSort,161,0
Reversed,700,MergeSort,122,0
AlmostSorted,700,MergeSort,128,0
Random,700,HybridSort,121,5
Reversed,700,HybridSort,78,5
AlmostSorted,700,HybridSort,66,5
Random,700,HybridSort,86,10
Reversed,700,HybridSort,57,10
AlmostSorted,700,HybridSort,55,10
Random,700,HybridSort,74,20
Reversed,700,HybridSort,55,20
AlmostSorted,700,HybridSort,44,20
Random,700,HybridSort,65,30
Reversed,700,HybridSort,56,30
AlmostSorted,700,HybridSort,32,30
Random,700,HybridSort,61,50
Reversed,700,HybridSort,63,50
AlmostSorted,700,HybridSort,25,50
Random,800,MergeSort,182,0
Reversed,800,MergeSort,139,0
AlmostSorted,800,MergeSort,141,0
Random,800,HybridSort,113,5
Reversed,800,HybridSort,75,5
AlmostSorted,800,HybridSort,79,5
Random,800,HybridSort,96,10
Reversed,800,HybridSort,65,10
AlmostSorted,800,HybridSort,68,10
Random,800,HybridSort,86,20
Reversed,800,HybridSort,74,20
AlmostSorted,800,HybridSort,60,20
Random,800,HybridSort,99,30
Reversed,800,HybridSort,66,30
AlmostSorted,800,HybridSort,34,30
Random,800,HybridSort,76,50
Reversed,800,HybridSort,83,50
AlmostSorted,800,HybridSort,26,50
Random,900,MergeSort,210,0
Reversed,900,MergeSort,155,0
AlmostSorted,900,MergeSort,190,0
Random,900,HybridSort,129,5
Reversed,900,HybridSort,110,5
AlmostSorted,900,HybridSort,97,5
Random,900,HybridSort,105,10
Reversed,900,HybridSort,67,10
AlmostSorted,900,HybridSort,63,10
Random,900,HybridSort,90,20
Reversed,900,HybridSort,60,20
AlmostSorted,900,HybridSort,47,20
Random,900,HybridSort,80,30
Reversed,900,HybridSort,69,30
AlmostSorted,900,HybridSort,38,30
Random,900,HybridSort,80,50
Reversed,900,HybridSort,69,50
AlmostSorted,900,HybridSort,38,50
Random,1000,MergeSort,219,0
Reversed,1000,MergeSort,185,0
AlmostSorted,1000,MergeSort,167,0
Random,1000,HybridSort,130,5
Reversed,1000,HybridSort,98,5
AlmostSorted,1000,HybridSort,86,5
Random,1000,HybridSort,111,10
Reversed,1000,HybridSort,72,10
AlmostSorted,1000,HybridSort,65,10
Random,1000,HybridSort,93,20
Reversed,1000,HybridSort,68,20
AlmostSorted,1000,HybridSort,49,20
Random,1000,HybridSort,92,30
Reversed,1000,HybridSort,71,30
AlmostSorted,1000,HybridSort,51,30
Random,1000,HybridSort,89,50
Reversed,1000,HybridSort,80,50
AlmostSorted,1000,HybridSort,38,50
Random,1100,MergeSort,245,0
Reversed,1100,MergeSort,181,0
AlmostSorted,1100,MergeSort,189,0
Random,1100,HybridSort,153,5
Reversed,1100,HybridSort,98,5
AlmostSorted,1100,HybridSort,95,5
Random,1100,HybridSort,133,10
Reversed,1100,HybridSort,78,10
AlmostSorted,1100,HybridSort,74,10
Random,1100,HybridSort,108,20
Reversed,1100,HybridSort,80,20
AlmostSorted,1100,HybridSort,58,20
Random,1100,HybridSort,107,30
Reversed,1100,HybridSort,80,30
AlmostSorted,1100,HybridSort,57,30
Random,1100,HybridSort,103,50
Reversed,1100,HybridSort,87,50
AlmostSorted,1100,HybridSort,45,50
Random,1200,MergeSort,265,0
Reversed,1200,MergeSort,203,0
AlmostSorted,1200,MergeSort,213,0
Random,1200,HybridSort,234,5
Reversed,1200,HybridSort,127,5
AlmostSorted,1200,HybridSort,117,5
Random,1200,HybridSort,139,10
Reversed,1200,HybridSort,97,10
AlmostSorted,1200,HybridSort,74,10
Random,1200,HybridSort,119,20
Reversed,1200,HybridSort,93,20
AlmostSorted,1200,HybridSort,59,20
Random,1200,HybridSort,118,30
Reversed,1200,HybridSort,136,30
AlmostSorted,1200,HybridSort,58,30
Random,1200,HybridSort,113,50
Reversed,1200,HybridSort,102,50
AlmostSorted,1200,HybridSort,45,50
Random,1300,MergeSort,315,0
Reversed,1300,MergeSort,247,0
AlmostSorted,1300,MergeSort,243,0
Random,1300,HybridSort,179,5
Reversed,1300,HybridSort,113,5
AlmostSorted,1300,HybridSort,113,5
Random,1300,HybridSort,154,10
Reversed,1300,HybridSort,102,10
AlmostSorted,1300,HybridSort,86,10
Random,1300,HybridSort,133,20
Reversed,1300,HybridSort,92,20
AlmostSorted,1300,HybridSort,67,20
Random,1300,HybridSort,117,30
Reversed,1300,HybridSort,92,30
AlmostSorted,1300,HybridSort,60,30
Random,1300,HybridSort,122,50
Reversed,1300,HybridSort,115,50
AlmostSorted,1300,HybridSort,46,50
Random,1400,MergeSort,317,0
Reversed,1400,MergeSort,240,0
AlmostSorted,1400,MergeSort,250,0
Random,1400,HybridSort,202,5
Reversed,1400,HybridSort,129,5
AlmostSorted,1400,HybridSort,128,5
Random,1400,HybridSort,179,10
Reversed,1400,HybridSort,101,10
AlmostSorted,1400,HybridSort,97,10
Random,1400,HybridSort,160,20
Reversed,1400,HybridSort,107,20
AlmostSorted,1400,HybridSort,87,20
Random,1400,HybridSort,152,30
Reversed,1400,HybridSort,115,30
AlmostSorted,1400,HybridSort,68,30
Random,1400,HybridSort,153,50
Reversed,1400,HybridSort,145,50
AlmostSorted,1400,HybridSort,54,50
Random,1500,MergeSort,384,0
Reversed,1500,MergeSort,319,0
AlmostSorted,1500,MergeSort,340,0
Random,1500,HybridSort,298,5
Reversed,1500,HybridSort,178,5
AlmostSorted,1500,HybridSort,179,5
Random,1500,HybridSort,237,10
Reversed,1500,HybridSort,138,10
AlmostSorted,1500,HybridSort,126,10
Random,1500,HybridSort,180,20
Reversed,1500,HybridSort,119,20
AlmostSorted,1500,HybridSort,534,20
Random,1500,HybridSort,166,30
Reversed,1500,HybridSort,130,30
AlmostSorted,1500,HybridSort,78,30
Random,1500,HybridSort,161,50
Reversed,1500,HybridSort,157,50
AlmostSorted,1500,HybridSort,59,50
Random,1600,MergeSort,839,0
Reversed,1600,MergeSort,281,0
AlmostSorted,1600,MergeSort,311,0
Random,1600,HybridSort,295,5
Reversed,1600,HybridSort,164,5
AlmostSorted,1600,HybridSort,166,5
Random,1600,HybridSort,215,10
Reversed,1600,HybridSort,134,10
AlmostSorted,1600,HybridSort,127,10
Random,1600,HybridSort,188,20
Reversed,1600,HybridSort,124,20
AlmostSorted,1600,HybridSort,98,20
Random,1600,HybridSort,167,30
Reversed,1600,HybridSort,131,30
AlmostSorted,1600,HybridSort,73,30
Random,1600,HybridSort,171,50
Reversed,1600,HybridSort,168,50
AlmostSorted,1600,HybridSort,60,50
Random,1700,MergeSort,408,0
Reversed,1700,MergeSort,298,0
AlmostSorted,1700,MergeSort,311,0
Random,1700,HybridSort,256,5
Reversed,1700,HybridSort,173,5
AlmostSorted,1700,HybridSort,176,5
Random,1700,HybridSort,687,10
Reversed,1700,HybridSort,129,10
AlmostSorted,1700,HybridSort,121,10
Random,1700,HybridSort,185,20
Reversed,1700,HybridSort,123,20
AlmostSorted,1700,HybridSort,96,20
Random,1700,HybridSort,188,30
Reversed,1700,HybridSort,147,30
AlmostSorted,1700,HybridSort,77,30
Random,1700,HybridSort,189,50
Reversed,1700,HybridSort,150,50
AlmostSorted,1700,HybridSort,79,50
Random,1800,MergeSort,429,0
Reversed,1800,MergeSort,328,0
AlmostSorted,1800,MergeSort,345,0
Random,1800,HybridSort,267,5
Reversed,1800,HybridSort,162,5
AlmostSorted,1800,HybridSort,168,5
Random,1800,HybridSort,220,10
Reversed,1800,HybridSort,144,10
AlmostSorted,1800,HybridSort,125,10
Random,1800,HybridSort,193,20
Reversed,1800,HybridSort,140,20
AlmostSorted,1800,HybridSort,98,20
Random,1800,HybridSort,197,30
Reversed,1800,HybridSort,148,30
AlmostSorted,1800,HybridSort,86,30
Random,1800,HybridSort,186,50
Reversed,1800,HybridSort,159,50
AlmostSorted,1800,HybridSort,82,50
Random,1900,MergeSort,465,0
Reversed,1900,MergeSort,307,0
AlmostSorted,1900,MergeSort,318,0
Random,1900,HybridSort,263,5
Reversed,1900,HybridSort,173,5
AlmostSorted,1900,HybridSort,180,5
Random,1900,HybridSort,239,10
Reversed,1900,HybridSort,157,10
AlmostSorted,1900,HybridSort,143,10
Random,1900,HybridSort,204,20
Reversed,1900,HybridSort,154,20
AlmostSorted,1900,HybridSort,113,20
Random,1900,HybridSort,215,30
Reversed,1900,HybridSort,175,30
AlmostSorted,1900,HybridSort,89,30
Random,1900,HybridSort,218,50
Reversed,1900,HybridSort,175,50
AlmostSorted,1900,HybridSort,90,50
Random,2000,MergeSort,501,0
Reversed,2000,MergeSort,388,0
AlmostSorted,2000,MergeSort,369,0
Random,2000,HybridSort,303,5
Reversed,2000,HybridSort,191,5
AlmostSorted,2000,HybridSort,188,5
Random,2000,HybridSort,258,10
Reversed,2000,HybridSort,159,10
AlmostSorted,2000,HybridSort,146,10
Random,2000,HybridSort,231,20
Reversed,2000,HybridSort,160,20
AlmostSorted,2000,HybridSort,115,20
Random,2000,HybridSort,244,30
Reversed,2000,HybridSort,165,30
AlmostSorted,2000,HybridSort,117,30
Random,2000,HybridSort,233,50
Reversed,2000,HybridSort,189,50
AlmostSorted,2000,HybridSort,93,50
Random,2100,MergeSort,550,0
Reversed,2100,MergeSort,399,0
AlmostSorted,2100,MergeSort,414,0
Random,2100,HybridSort,436,5
Reversed,2100,HybridSort,225,5
AlmostSorted,2100,HybridSort,193,5
Random,2100,HybridSort,285,10
Reversed,2100,HybridSort,168,10
AlmostSorted,2100,HybridSort,149,10
Random,2100,HybridSort,246,20
Reversed,2100,HybridSort,172,20
AlmostSorted,2100,HybridSort,232,20
Random,2100,HybridSort,259,30
Reversed,2100,HybridSort,168,30
AlmostSorted,2100,HybridSort,115,30
Random,2100,HybridSort,230,50
Reversed,2100,HybridSort,192,50
AlmostSorted,2100,HybridSort,92,50
Random,2200,MergeSort,531,0
Reversed,2200,MergeSort,385,0
AlmostSorted,2200,MergeSort,409,0
Random,2200,HybridSort,317,5
Reversed,2200,HybridSort,195,5
AlmostSorted,2200,HybridSort,229,5
Random,2200,HybridSort,276,10
Reversed,2200,HybridSort,174,10
AlmostSorted,2200,HybridSort,153,10
Random,2200,HybridSort,248,20
Reversed,2200,HybridSort,174,20
AlmostSorted,2200,HybridSort,117,20
Random,2200,HybridSort,239,30
Reversed,2200,HybridSort,169,30
AlmostSorted,2200,HybridSort,122,30
Random,2200,HybridSort,232,50
Reversed,2200,HybridSort,201,50
AlmostSorted,2200,HybridSort,94,50
Random,2300,MergeSort,729,0
Reversed,2300,MergeSort,438,0
AlmostSorted,2300,MergeSort,453,0
Random,2300,HybridSort,364,5
Reversed,2300,HybridSort,196,5
AlmostSorted,2300,HybridSort,194,5
Random,2300,HybridSort,279,10
Reversed,2300,HybridSort,173,10
AlmostSorted,2300,HybridSort,152,10
Random,2300,HybridSort,249,20
Reversed,2300,HybridSort,183,20
AlmostSorted,2300,HybridSort,120,20
Random,2300,HybridSort,253,30
Reversed,2300,HybridSort,181,30
AlmostSorted,2300,HybridSort,125,30
Random,2300,HybridSort,259,50
Reversed,2300,HybridSort,220,50
AlmostSorted,2300,HybridSort,99,50
Random,2400,MergeSort,608,0
Reversed,2400,MergeSort,446,0
AlmostSorted,2400,MergeSort,460,0
Random,2400,HybridSort,366,5
Reversed,2400,HybridSort,259,5
AlmostSorted,2400,HybridSort,213,5
Random,2400,HybridSort,312,10
Reversed,2400,HybridSort,231,10
AlmostSorted,2400,HybridSort,187,10
Random,2400,HybridSort,305,20
Reversed,2400,HybridSort,271,20
AlmostSorted,2400,HybridSort,150,20
Random,2400,HybridSort,299,30
Reversed,2400,HybridSort,215,30
AlmostSorted,2400,HybridSort,157,30
Random,2400,HybridSort,322,50
Reversed,2400,HybridSort,277,50
AlmostSorted,2400,HybridSort,184,50
Random,2500,MergeSort,685,0
Reversed,2500,MergeSort,690,0
AlmostSorted,2500,MergeSort,504,0
Random,2500,HybridSort,370,5
Reversed,2500,HybridSort,225,5
AlmostSorted,2500,HybridSort,215,5
Random,2500,HybridSort,325,10
Reversed,2500,HybridSort,1049,10
AlmostSorted,2500,HybridSort,12869,10
Random,2500,HybridSort,334,20
Reversed,2500,HybridSort,669,20
AlmostSorted,2500,HybridSort,151,20
Random,2500,HybridSort,303,30
Reversed,2500,HybridSort,214,30
AlmostSorted,2500,HybridSort,137,30
Random,2500,HybridSort,339,50
Reversed,2500,HybridSort,322,50
AlmostSorted,2500,HybridSort,110,50
Random,2600,MergeSort,766,0
Reversed,2600,MergeSort,693,0
AlmostSorted,2600,MergeSort,503,0
Random,2600,HybridSort,390,5
Reversed,2600,HybridSort,230,5
AlmostSorted,2600,HybridSort,224,5
Random,2600,HybridSort,334,10
Reversed,2600,HybridSort,221,10
AlmostSorted,2600,HybridSort,181,10
Random,2600,HybridSort,310,20
Reversed,2600,HybridSort,236,20
AlmostSorted,2600,HybridSort,170,20
Random,2600,HybridSort,323,30
Reversed,2600,HybridSort,238,30
AlmostSorted,2600,HybridSort,157,30
Random,2600,HybridSort,325,50
Reversed,2600,HybridSort,313,50
AlmostSorted,2600,HybridSort,141,50
Random,2700,MergeSort,778,0
Reversed,2700,MergeSort,558,0
AlmostSorted,2700,MergeSort,576,0
Random,2700,HybridSort,452,5
Reversed,2700,HybridSort,265,5
AlmostSorted,2700,HybridSort,264,5
Random,2700,HybridSort,400,10
Reversed,2700,HybridSort,245,10
AlmostSorted,2700,HybridSort,235,10
Random,2700,HybridSort,394,20
Reversed,2700,HybridSort,268,20
AlmostSorted,2700,HybridSort,194,20
Random,2700,HybridSort,354,30
Reversed,2700,HybridSort,269,30
AlmostSorted,2700,HybridSort,155,30
Random,2700,HybridSort,347,50
Reversed,2700,HybridSort,333,50
AlmostSorted,2700,HybridSort,122,50
Random,2800,MergeSort,735,0
Reversed,2800,MergeSort,542,0
AlmostSorted,2800,MergeSort,551,0
Random,2800,HybridSort,462,5
Reversed,2800,HybridSort,285,5
AlmostSorted,2800,HybridSort,285,5
Random,2800,HybridSort,423,10
Reversed,2800,HybridSort,275,10
AlmostSorted,2800,HybridSort,254,10
Random,2800,HybridSort,386,20
Reversed,2800,HybridSort,263,20
AlmostSorted,2800,HybridSort,206,20
Random,2800,HybridSort,352,30
Reversed,2800,HybridSort,274,30
AlmostSorted,2800,HybridSort,163,30
Random,2800,HybridSort,357,50
Reversed,2800,HybridSort,347,50
AlmostSorted,2800,HybridSort,131,50
Random,2900,MergeSort,799,0
Reversed,2900,MergeSort,568,0
AlmostSorted,2900,MergeSort,581,0
Random,2900,HybridSort,496,5
Reversed,2900,HybridSort,468,5
AlmostSorted,2900,HybridSort,309,5
Random,2900,HybridSort,448,10
Reversed,2900,HybridSort,265,10
AlmostSorted,2900,HybridSort,252,10
Random,2900,HybridSort,389,20
Reversed,2900,HybridSort,258,20
AlmostSorted,2900,HybridSort,218,20
Random,2900,HybridSort,374,30
Reversed,2900,HybridSort,285,30
AlmostSorted,2900,HybridSort,180,30
Random,2900,HybridSort,379,50
Reversed,2900,HybridSort,348,50
AlmostSorted,2900,HybridSort,131,50
Random,3000,MergeSort,879,0
Reversed,3000,MergeSort,595,0
AlmostSorted,3000,MergeSort,610,0
Random,3000,HybridSort,531,5
Reversed,3000,HybridSort,332,5
AlmostSorted,3000,HybridSort,334,5
Random,3000,HybridSort,512,10
Reversed,3000,HybridSort,323,10
AlmostSorted,3000,HybridSort,305,10
Random,3000,HybridSort,453,20
Reversed,3000,HybridSort,313,20
AlmostSorted,3000,HybridSort,246,20
Random,3000,HybridSort,502,30
Reversed,3000,HybridSort,282,30
AlmostSorted,3000,HybridSort,168,30
Random,3000,HybridSort,389,50
Reversed,3000,HybridSort,357,50
AlmostSorted,3000,HybridSort,137,50
Random,3100,MergeSort,923,0
Reversed,3100,MergeSort,610,0
AlmostSorted,3100,MergeSort,646,0
Random,3100,HybridSort,590,5
Reversed,3100,HybridSort,370,5
AlmostSorted,3100,HybridSort,378,5
Random,3100,HybridSort,514,10
Reversed,3100,HybridSort,334,10
AlmostSorted,3100,HybridSort,288,10
Random,3100,HybridSort,432,20
Reversed,3100,HybridSort,284,20
AlmostSorted,3100,HybridSort,228,20
Random,3100,HybridSort,397,30
Reversed,3100,HybridSort,285,30
AlmostSorted,3100,HybridSort,163,30
Random,3100,HybridSort,389,50
Reversed,3100,HybridSort,359,50
AlmostSorted,3100,HybridSort,133,50
Random,3200,MergeSort,990,0
Reversed,3200,MergeSort,666,0
AlmostSorted,3200,MergeSort,685,0
Random,3200,HybridSort,596,5
Reversed,3200,HybridSort,364,5
AlmostSorted,3200,HybridSort,381,5
Random,3200,HybridSort,481,10
Reversed,3200,HybridSort,276,10
AlmostSorted,3200,HybridSort,257,10
Random,3200,HybridSort,395,20
Reversed,3200,HybridSort,251,20
AlmostSorted,3200,HybridSort,212,20
Random,3200,HybridSort,366,30
Reversed,3200,HybridSort,261,30
AlmostSorted,3200,HybridSort,150,30
Random,3200,HybridSort,356,50
Reversed,3200,HybridSort,332,50
AlmostSorted,3200,HybridSort,134,50
Random,3300,MergeSort,817,0
Reversed,3300,MergeSort,580,0
AlmostSorted,3300,MergeSort,607,0
Random,3300,HybridSort,510,5
Reversed,3300,HybridSort,303,5
AlmostSorted,3300,HybridSort,307,5
Random,3300,HybridSort,424,10
Reversed,3300,HybridSort,251,10
AlmostSorted,3300,HybridSort,261,10
Random,3300,HybridSort,381,20
Reversed,3300,HybridSort,280,20
AlmostSorted,3300,HybridSort,210,20
Random,3300,HybridSort,358,30
Reversed,3300,HybridSort,270,30
AlmostSorted,3300,HybridSort,155,30
Random,3300,HybridSort,360,50
Reversed,3300,HybridSort,303,50
AlmostSorted,3300,HybridSort,180,50
Random,3400,MergeSort,920,0
Reversed,3400,MergeSort,678,0
AlmostSorted,3400,MergeSort,671,0
Random,3400,HybridSort,585,5
Reversed,3400,HybridSort,456,5
AlmostSorted,3400,HybridSort,351,5
Random,3400,HybridSort,477,10
Reversed,3400,HybridSort,292,10
AlmostSorted,3400,HybridSort,260,10
Random,3400,HybridSort,449,20
Reversed,3400,HybridSort,345,20
AlmostSorted,3400,HybridSort,224,20
Random,3400,HybridSort,403,30
Reversed,3400,HybridSort,364,30
AlmostSorted,3400,HybridSort,160,30
Random,3400,HybridSort,378,50
Reversed,3400,HybridSort,288,50
AlmostSorted,3400,HybridSort,159,50
Random,3500,MergeSort,853,0
Reversed,3500,MergeSort,684,0
AlmostSorted,3500,MergeSort,662,0
Random,3500,HybridSort,600,5
Reversed,3500,HybridSort,376,5
AlmostSorted,3500,HybridSort,379,5
Random,3500,HybridSort,489,10
Reversed,3500,HybridSort,303,10
AlmostSorted,3500,HybridSort,293,10
Random,3500,HybridSort,437,20
Reversed,3500,HybridSort,330,20
AlmostSorted,3500,HybridSort,221,20
Random,3500,HybridSort,423,30
Reversed,3500,HybridSort,345,30
AlmostSorted,3500,HybridSort,182,30
Random,3500,HybridSort,404,50
Reversed,3500,HybridSort,346,50
AlmostSorted,3500,HybridSort,201,50
Random,3600,MergeSort,942,0
Reversed,3600,MergeSort,715,0
AlmostSorted,3600,MergeSort,695,0
Random,3600,HybridSort,645,5
Reversed,3600,HybridSort,387,5
AlmostSorted,3600,HybridSort,389,5
Random,3600,HybridSort,507,10
Reversed,3600,HybridSort,306,10
AlmostSorted,3600,HybridSort,360,10
Random,3600,HybridSort,459,20
Reversed,3600,HybridSort,314,20
AlmostSorted,3600,HybridSort,662,20
Random,3600,HybridSort,534,30
Reversed,3600,HybridSort,395,30
AlmostSorted,3600,HybridSort,183,30
Random,3600,HybridSort,415,50
Reversed,3600,HybridSort,320,50
AlmostSorted,3600,HybridSort,187,50
Random,3700,MergeSort,880,0
Reversed,3700,MergeSort,629,0
AlmostSorted,3700,MergeSort,669,0
Random,3700,HybridSort,557,5
Reversed,3700,HybridSort,380,5
AlmostSorted,3700,HybridSort,386,5
Random,3700,HybridSort,532,10
Reversed,3700,HybridSort,332,10
AlmostSorted,3700,HybridSort,300,10
Random,3700,HybridSort,472,20
Reversed,3700,HybridSort,333,20
AlmostSorted,3700,HybridSort,258,20
Random,3700,HybridSort,456,30
Reversed,3700,HybridSort,371,30
AlmostSorted,3700,HybridSort,187,30
Random,3700,HybridSort,444,50
Reversed,3700,HybridSort,389,50
AlmostSorted,3700,HybridSort,203,50
Random,3800,MergeSort,962,0
Reversed,3800,MergeSort,697,0
AlmostSorted,3800,MergeSort,791,0
Random,3800,HybridSort,654,5
Reversed,3800,HybridSort,402,5
AlmostSorted,3800,HybridSort,437,5
Random,3800,HybridSort,566,10
Reversed,3800,HybridSort,323,10
AlmostSorted,3800,HybridSort,319,10
Random,3800,HybridSort,521,20
Reversed,3800,HybridSort,337,20
AlmostSorted,3800,HybridSort,238,20
Random,3800,HybridSort,458,30
Reversed,3800,HybridSort,385,30
AlmostSorted,3800,HybridSort,214,30
Random,3800,HybridSort,488,50
Reversed,3800,HybridSort,368,50
AlmostSorted,3800,HybridSort,208,50
Random,3900,MergeSort,1044,0
Reversed,3900,MergeSort,727,0
AlmostSorted,3900,MergeSort,822,0
Random,3900,HybridSort,657,5
Reversed,3900,HybridSort,408,5
AlmostSorted,3900,HybridSort,380,5
Random,3900,HybridSort,580,10
Reversed,3900,HybridSort,356,10
AlmostSorted,3900,HybridSort,303,10
Random,3900,HybridSort,517,20
Reversed,3900,HybridSort,354,20
AlmostSorted,3900,HybridSort,238,20
Random,3900,HybridSort,513,30
Reversed,3900,HybridSort,375,30
AlmostSorted,3900,HybridSort,232,30
Random,3900,HybridSort,475,50
Reversed,3900,HybridSort,407,50
AlmostSorted,3900,HybridSort,315,50
Random,4000,MergeSort,1030,0
Reversed,4000,MergeSort,738,0
AlmostSorted,4000,MergeSort,738,0
Random,4000,HybridSort,593,5
Reversed,4000,HybridSort,368,5
AlmostSorted,4000,HybridSort,376,5
Random,4000,HybridSort,512,10
Reversed,4000,HybridSort,324,10
AlmostSorted,4000,HybridSort,288,10
Random,4000,HybridSort,478,20
Reversed,4000,HybridSort,319,20
AlmostSorted,4000,HybridSort,248,20
Random,4000,HybridSort,470,30
Reversed,4000,HybridSort,321,30
AlmostSorted,4000,HybridSort,291,30
Random,4000,HybridSort,479,50
Reversed,4000,HybridSort,373,50
AlmostSorted,4000,HybridSort,197,50
Random,4100,MergeSort,999,0
Reversed,4100,MergeSort,761,0
AlmostSorted,4100,MergeSort,823,0
Random,4100,HybridSort,678,5
Reversed,4100,HybridSort,457,5
AlmostSorted,4100,HybridSort,424,5
Random,4100,HybridSort,649,10
Reversed,4100,HybridSort,366,10
AlmostSorted,4100,HybridSort,356,10
Random,4100,HybridSort,561,20
Reversed,4100,HybridSort,378,20
AlmostSorted,4100,HybridSort,268,20
Random,4100,HybridSort,584,30
Reversed,4100,HybridSort,378,30
AlmostSorted,4100,HybridSort,271,30
Random,4100,HybridSort,544,50
Reversed,4100,HybridSort,593,50
AlmostSorted,4100,HybridSort,232,50
Random,4200,MergeSort,1172,0
Reversed,4200,MergeSort,822,0
AlmostSorted,4200,MergeSort,870,0
Random,4200,HybridSort,717,5
Reversed,4200,HybridSort,434,5
AlmostSorted,4200,HybridSort,431,5
Random,4200,HybridSort,614,10
Reversed,4200,HybridSort,394,10
AlmostSorted,4200,HybridSort,367,10
Random,4200,HybridSort,556,20
Reversed,4200,HybridSort,419,20
AlmostSorted,4200,HybridSort,281,20
Random,4200,HybridSort,570,30
Reversed,4200,HybridSort,393,30
AlmostSorted,4200,HybridSort,274,30
Random,4200,HybridSort,540,50
Reversed,4200,HybridSort,510,50
AlmostSorted,4200,HybridSort,220,50
Random,4300,MergeSort,1203,0
Reversed,4300,MergeSort,874,0
AlmostSorted,4300,MergeSort,889,0
Random,4300,HybridSort,874,5
Reversed,4300,HybridSort,451,5
AlmostSorted,4300,HybridSort,462,5
Random,4300,HybridSort,669,10
Reversed,4300,HybridSort,366,10
AlmostSorted,4300,HybridSort,343,10
Random,4300,HybridSort,544,20
Reversed,4300,HybridSort,437,20
AlmostSorted,4300,HybridSort,258,20
Random,4300,HybridSort,509,30
Reversed,4300,HybridSort,361,30
AlmostSorted,4300,HybridSort,249,30
Random,4300,HybridSort,469,50
Reversed,4300,HybridSort,375,50
AlmostSorted,4300,HybridSort,202,50
Random,4400,MergeSort,1003,0
Reversed,4400,MergeSort,722,0
AlmostSorted,4400,MergeSort,767,0
Random,4400,HybridSort,631,5
Reversed,4400,HybridSort,398,5
AlmostSorted,4400,HybridSort,376,5
Random,4400,HybridSort,545,10
Reversed,4400,HybridSort,356,10
AlmostSorted,4400,HybridSort,319,10
Random,4400,HybridSort,530,20
Reversed,4400,HybridSort,394,20
AlmostSorted,4400,HybridSort,278,20
Random,4400,HybridSort,565,30
Reversed,4400,HybridSort,399,30
AlmostSorted,4400,HybridSort,274,30
Random,4400,HybridSort,563,50
Reversed,4400,HybridSort,451,50
AlmostSorted,4400,HybridSort,220,50
Random,4500,MergeSort,1283,0
Reversed,4500,MergeSort,882,0
AlmostSorted,4500,MergeSort,807,0
Random,4500,HybridSort,690,5
Reversed,4500,HybridSort,448,5
AlmostSorted,4500,HybridSort,383,5
Random,4500,HybridSort,575,10
Reversed,4500,HybridSort,352,10
AlmostSorted,4500,HybridSort,316,10
Random,4500,HybridSort,523,20
Reversed,4500,HybridSort,378,20
AlmostSorted,4500,HybridSort,248,20
Random,4500,HybridSort,522,30
Reversed,4500,HybridSort,390,30
AlmostSorted,4500,HybridSort,253,30
Random,4500,HybridSort,506,50
Reversed,4500,HybridSort,432,50
AlmostSorted,4500,HybridSort,215,50
Random,4600,MergeSort,1248,0
Reversed,4600,MergeSort,944,0
AlmostSorted,4600,MergeSort,939,0
Random,4600,HybridSort,777,5
Reversed,4600,HybridSort,459,5
AlmostSorted,4600,HybridSort,444,5
Random,4600,HybridSort,665,10
Reversed,4600,HybridSort,401,10
AlmostSorted,4600,HybridSort,543,10
Random,4600,HybridSort,639,20
Reversed,4600,HybridSort,434,20
AlmostSorted,4600,HybridSort,283,20
Random,4600,HybridSort,596,30
Reversed,4600,HybridSort,684,30
AlmostSorted,4600,HybridSort,450,30
Random,4600,HybridSort,646,50
Reversed,4600,HybridSort,511,50
AlmostSorted,4600,HybridSort,259,50
Random,4700,MergeSort,1215,0
Reversed,4700,MergeSort,1027,0
AlmostSorted,4700,MergeSort,849,0
Random,4700,HybridSort,704,5
Reversed,4700,HybridSort,446,5
AlmostSorted,4700,HybridSort,409,5
Random,4700,HybridSort,590,10
Reversed,4700,HybridSort,386,10
AlmostSorted,4700,HybridSort,316,10
Random,4700,HybridSort,525,20
Reversed,4700,HybridSort,374,20
AlmostSorted,4700,HybridSort,254,20
Random,4700,HybridSort,538,30
Reversed,4700,HybridSort,507,30
AlmostSorted,4700,HybridSort,276,30
Random,4700,HybridSort,603,50
Reversed,4700,HybridSort,516,50
AlmostSorted,4700,HybridSort,251,50
Random,4800,MergeSort,1332,0
Reversed,4800,MergeSort,925,0
AlmostSorted,4800,MergeSort,925,0
Random,4800,HybridSort,1015,5
Reversed,4800,HybridSort,801,5
AlmostSorted,4800,HybridSort,437,5
Random,4800,HybridSort,666,10
Reversed,4800,HybridSort,445,10
AlmostSorted,4800,HybridSort,338,10
Random,4800,HybridSort,570,20
Reversed,4800,HybridSort,421,20
AlmostSorted,4800,HybridSort,331,20
Random,4800,HybridSort,615,30
Reversed,4800,HybridSort,397,30
AlmostSorted,4800,HybridSort,294,30
Random,4800,HybridSort,543,50
Reversed,4800,HybridSort,509,50
AlmostSorted,4800,HybridSort,198,50
Random,4900,MergeSort,1112,0
Reversed,4900,MergeSort,853,0
AlmostSorted,4900,MergeSort,828,0
Random,4900,HybridSort,717,5
Reversed,4900,HybridSort,457,5
AlmostSorted,4900,HybridSort,460,5
Random,4900,HybridSort,786,10
Reversed,4900,HybridSort,509,10
AlmostSorted,4900,HybridSort,400,10
Random,4900,HybridSort,691,20
Reversed,4900,HybridSort,466,20
AlmostSorted,4900,HybridSort,316,20
Random,4900,HybridSort,645,30
Reversed,4900,HybridSort,443,30
AlmostSorted,4900,HybridSort,298,30
Random,4900,HybridSort,714,50
Reversed,4900,HybridSort,545,50
AlmostSorted,4900,HybridSort,256,50
Random,5000,MergeSort,1367,0
Reversed,5000,MergeSort,932,0
AlmostSorted,5000,MergeSort,921,0
Random,5000,HybridSort,744,5
Reversed,5000,HybridSort,484,5
AlmostSorted,5000,HybridSort,453,5
Random,5000,HybridSort,653,10
Reversed,5000,HybridSort,446,10
AlmostSorted,5000,HybridSort,370,10
Random,5000,HybridSort,634,20
Reversed,5000,HybridSort,480,20
AlmostSorted,5000,HybridSort,361,20
Random,5000,HybridSort,652,30
Reversed,5000,HybridSort,469,30
AlmostSorted,5000,HybridSort,298,30
Random,5000,HybridSort,1209,50
Reversed,5000,HybridSort,499,50
AlmostSorted,5000,HybridSort,231,50
Random,5100,MergeSort,1187,0
Reversed,5100,MergeSort,821,0
AlmostSorted,5100,MergeSort,844,0
Random,5100,HybridSort,747,5
Reversed,5100,HybridSort,482,5
AlmostSorted,5100,HybridSort,530,5
Random,5100,HybridSort,1455,10
Reversed,5100,HybridSort,799,10
AlmostSorted,5100,HybridSort,453,10
Random,5100,HybridSort,770,20
Reversed,5100,HybridSort,483,20
AlmostSorted,5100,HybridSort,309,20
Random,5100,HybridSort,645,30
Reversed,5100,HybridSort,461,30
AlmostSorted,5100,HybridSort,301,30
Random,5100,HybridSort,627,50
Reversed,5100,HybridSort,502,50
AlmostSorted,5100,HybridSort,227,50
Random,5200,MergeSort,1268,0
Reversed,5200,MergeSort,943,0
AlmostSorted,5200,MergeSort,969,0
Random,5200,HybridSort,894,5
Reversed,5200,HybridSort,479,5
AlmostSorted,5200,HybridSort,454,5
Random,5200,HybridSort,743,10
Reversed,5200,HybridSort,440,10
AlmostSorted,5200,HybridSort,331,10
Random,5200,HybridSort,604,20
Reversed,5200,HybridSort,423,20
AlmostSorted,5200,HybridSort,284,20
Random,5200,HybridSort,581,30
Reversed,5200,HybridSort,397,30
AlmostSorted,5200,HybridSort,286,30
Random,5200,HybridSort,615,50
Reversed,5200,HybridSort,701,50
AlmostSorted,5200,HybridSort,248,50
Random,5300,MergeSort,1384,0
Reversed,5300,MergeSort,902,0
AlmostSorted,5300,MergeSort,935,0
Random,5300,HybridSort,1293,5
Reversed,5300,HybridSort,920,5
AlmostSorted,5300,HybridSort,443,5
Random,5300,HybridSort,690,10
Reversed,5300,HybridSort,407,10
AlmostSorted,5300,HybridSort,351,10
Random,5300,HybridSort,642,20
Reversed,5300,HybridSort,458,20
AlmostSorted,5300,HybridSort,385,20
Random,5300,HybridSort,833,30
Reversed,5300,HybridSort,613,30
AlmostSorted,5300,HybridSort,820,30
Random,5300,HybridSort,759,50
Reversed,5300,HybridSort,659,50
AlmostSorted,5300,HybridSort,276,50
Random,5400,MergeSort,1498,0
Reversed,5400,MergeSort,1104,0
AlmostSorted,5400,MergeSort,1147,0
Random,5400,HybridSort,889,5
Reversed,5400,HybridSort,490,5
AlmostSorted,5400,HybridSort,1123,5
Random,5400,HybridSort,693,10
Reversed,5400,HybridSort,432,10
AlmostSorted,5400,HybridSort,384,10
Random,5400,HybridSort,645,20
Reversed,5400,HybridSort,416,20
AlmostSorted,5400,HybridSort,335,20
Random,5400,HybridSort,668,30
Reversed,5400,HybridSort,486,30
AlmostSorted,5400,HybridSort,292,30
Random,5400,HybridSort,686,50
Reversed,5400,HybridSort,841,50
AlmostSorted,5400,HybridSort,273,50
Random,5500,MergeSort,1573,0
Reversed,5500,MergeSort,1170,0
AlmostSorted,5500,MergeSort,1010,0
Random,5500,HybridSort,965,5
Reversed,5500,HybridSort,1154,5
AlmostSorted,5500,HybridSort,668,5
Random,5500,HybridSort,961,10
Reversed,5500,HybridSort,541,10
AlmostSorted,5500,HybridSort,453,10
Random,5500,HybridSort,772,20
Reversed,5500,HybridSort,513,20
AlmostSorted,5500,HybridSort,367,20
Random,5500,HybridSort,638,30
Reversed,5500,HybridSort,453,30
AlmostSorted,5500,HybridSort,281,30
Random,5500,HybridSort,1140,50
Reversed,5500,HybridSort,1085,50
AlmostSorted,5500,HybridSort,231,50
Random,5600,MergeSort,1358,0
Reversed,5600,MergeSort,1033,0
AlmostSorted,5600,MergeSort,1003,0
Random,5600,HybridSort,1058,5
Reversed,5600,HybridSort,875,5
AlmostSorted,5600,HybridSort,570,5
Random,5600,HybridSort,970,10
Reversed,5600,HybridSort,450,10
AlmostSorted,5600,HybridSort,482,10
Random,5600,HybridSort,702,20
Reversed,5600,HybridSort,427,20
AlmostSorted,5600,HybridSort,348,20
Random,5600,HybridSort,627,30
Reversed,5600,HybridSort,474,30
AlmostSorted,5600,HybridSort,295,30
Random,5600,HybridSort,899,50
Reversed,5600,HybridSort,657,50
AlmostSorted,5600,HybridSort,362,50
Random,5700,MergeSort,1935,0
Reversed,5700,MergeSort,1126,0
AlmostSorted,5700,MergeSort,1191,0
Random,5700,HybridSort,1023,5
Reversed,5700,HybridSort,1035,5
AlmostSorted,5700,HybridSort,783,5
Random,5700,HybridSort,869,10
Reversed,5700,HybridSort,542,10
AlmostSorted,5700,HybridSort,573,10
Random,5700,HybridSort,777,20
Reversed,5700,HybridSort,524,20
AlmostSorted,5700,HybridSort,399,20
Random,5700,HybridSort,660,30
Reversed,5700,HybridSort,451,30
AlmostSorted,5700,HybridSort,286,30
Random,5700,HybridSort,644,50
Reversed,5700,HybridSort,587,50
AlmostSorted,5700,HybridSort,290,50
Random,5800,MergeSort,1316,0
Reversed,5800,MergeSort,1018,0
AlmostSorted,5800,MergeSort,1022,0
Random,5800,HybridSort,1007,5
Reversed,5800,HybridSort,631,5
AlmostSorted,5800,HybridSort,1031,5
Random,5800,HybridSort,1252,10
Reversed,5800,HybridSort,483,10
AlmostSorted,5800,HybridSort,455,10
Random,5800,HybridSort,760,20
Reversed,5800,HybridSort,454,20
AlmostSorted,5800,HybridSort,382,20
Random,5800,HybridSort,706,30
Reversed,5800,HybridSort,497,30
AlmostSorted,5800,HybridSort,354,30
Random,5800,HybridSort,1333,50
Reversed,5800,HybridSort,969,50
AlmostSorted,5800,HybridSort,529,50
Random,5900,MergeSort,1616,0
Reversed,5900,MergeSort,1173,0
AlmostSorted,5900,MergeSort,1175,0
Random,5900,HybridSort,1498,5
Reversed,5900,HybridSort,659,5
AlmostSorted,5900,HybridSort,1187,5
Random,5900,HybridSort,907,10
Reversed,5900,HybridSort,518,10
AlmostSorted,5900,HybridSort,528,10
Random,5900,HybridSort,815,20
Reversed,5900,HybridSort,532,20
AlmostSorted,5900,HybridSort,422,20
Random,5900,HybridSort,1205,30
Reversed,5900,HybridSort,624,30
AlmostSorted,5900,HybridSort,772,30
Random,5900,HybridSort,782,50
Reversed,5900,HybridSort,697,50
AlmostSorted,5900,HybridSort,282,50
Random,6000,MergeSort,1577,0
Reversed,6000,MergeSort,1134,0
AlmostSorted,6000,MergeSort,1744,0
Random,6000,HybridSort,1342,5
Reversed,6000,HybridSort,592,5
AlmostSorted,6000,HybridSort,704,5
Random,6000,HybridSort,822,10
Reversed,6000,HybridSort,485,10
AlmostSorted,6000,HybridSort,477,10
Random,6000,HybridSort,752,20
Reversed,6000,HybridSort,921,20
AlmostSorted,6000,HybridSort,389,20
Random,6000,HybridSort,1270,30
Reversed,6000,HybridSort,630,30
AlmostSorted,6000,HybridSort,424,30
Random,6000,HybridSort,974,50
Reversed,6000,HybridSort,724,50
AlmostSorted,6000,HybridSort,261,50
Random,6100,MergeSort,1951,0
Reversed,6100,MergeSort,1465,0
AlmostSorted,6100,MergeSort,1230,0
Random,6100,HybridSort,1019,5
Reversed,6100,HybridSort,608,5
AlmostSorted,6100,HybridSort,626,5
Random,6100,HybridSort,845,10
Reversed,6100,HybridSort,515,10
AlmostSorted,6100,HybridSort,474,10
Random,6100,HybridSort,812,20
Reversed,6100,HybridSort,464,20
AlmostSorted,6100,HybridSort,365,20
Random,6100,HybridSort,728,30
Reversed,6100,HybridSort,579,30
AlmostSorted,6100,HybridSort,346,30
Random,6100,HybridSort,858,50
Reversed,6100,HybridSort,675,50
AlmostSorted,6100,HybridSort,274,50
Random,6200,MergeSort,1869,0
Reversed,6200,MergeSort,1550,0
AlmostSorted,6200,MergeSort,1130,0
Random,6200,HybridSort,1081,5
Reversed,6200,HybridSort,678,5
AlmostSorted,6200,HybridSort,714,5
Random,6200,HybridSort,1486,10
Reversed,6200,HybridSort,591,10
AlmostSorted,6200,HybridSort,522,10
Random,6200,HybridSort,851,20
Reversed,6200,HybridSort,557,20
AlmostSorted,6200,HybridSort,451,20
Random,6200,HybridSort,834,30
Reversed,6200,HybridSort,617,30
AlmostSorted,6200,HybridSort,366,30
Random,6200,HybridSort,846,50
Reversed,6200,HybridSort,1150,50
AlmostSorted,6200,HybridSort,325,50
Random,6300,MergeSort,2072,0
Reversed,6300,MergeSort,1307,0
AlmostSorted,6300,MergeSort,1166,0
Random,6300,HybridSort,1085,5
Reversed,6300,HybridSort,1180,5
AlmostSorted,6300,HybridSort,1191,5
Random,6300,HybridSort,1026,10
Reversed,6300,HybridSort,583,10
AlmostSorted,6300,HybridSort,530,10
Random,6300,HybridSort,898,20
Reversed,6300,HybridSort,532,20
AlmostSorted,6300,HybridSort,428,20
Random,6300,HybridSort,824,30
Reversed,6300,HybridSort,943,30
AlmostSorted,6300,HybridSort,854,30
Random,6300,HybridSort,817,50
Reversed,6300,HybridSort,742,50
AlmostSorted,6300,HybridSort,295,50
Random,6400,MergeSort,1760,0
Reversed,6400,MergeSort,1702,0
AlmostSorted,6400,MergeSort,1868,0
Random,6400,HybridSort,1107,5
Reversed,6400,HybridSort,752,5
AlmostSorted,6400,HybridSort,629,5
Random,6400,HybridSort,857,10
Reversed,6400,HybridSort,490,10
AlmostSorted,6400,HybridSort,470,10
Random,6400,HybridSort,753,20
Reversed,6400,HybridSort,473,20
AlmostSorted,6400,HybridSort,462,20
Random,6400,HybridSort,1224,30
Reversed,6400,HybridSort,623,30
AlmostSorted,6400,HybridSort,319,30
Random,6400,HybridSort,779,50
Reversed,6400,HybridSort,698,50
AlmostSorted,6400,HybridSort,274,50
Random,6500,MergeSort,2005,0
Reversed,6500,MergeSort,1502,0
AlmostSorted,6500,MergeSort,1131,0
Random,6500,HybridSort,1083,5
Reversed,6500,HybridSort,685,5
AlmostSorted,6500,HybridSort,749,5
Random,6500,HybridSort,1622,10
Reversed,6500,HybridSort,1235,10
AlmostSorted,6500,HybridSort,582,10
Random,6500,HybridSort,1103,20
Reversed,6500,HybridSort,596,20
AlmostSorted,6500,HybridSort,442,20
Random,6500,HybridSort,1052,30
Reversed,6500,HybridSort,587,30
AlmostSorted,6500,HybridSort,353,30
Random,6500,HybridSort,1084,50
Reversed,6500,HybridSort,600,50
AlmostSorted,6500,HybridSort,342,50
Random,6600,MergeSort,1559,0
Reversed,6600,MergeSort,1082,0
AlmostSorted,6600,MergeSort,1179,0
Random,6600,HybridSort,1116,5
Reversed,6600,HybridSort,671,5
AlmostSorted,6600,HybridSort,848,5
Random,6600,HybridSort,946,10
Reversed,6600,HybridSort,574,10
AlmostSorted,6600,HybridSort,644,10
Random,6600,HybridSort,871,20
Reversed,6600,HybridSort,577,20
AlmostSorted,6600,HybridSort,462,20
Random,6600,HybridSort,1194,30
Reversed,6600,HybridSort,722,30
AlmostSorted,6600,HybridSort,367,30
Random,6600,HybridSort,916,50
Reversed,6600,HybridSort,661,50
AlmostSorted,6600,HybridSort,339,50
Random,6700,MergeSort,1730,0
Reversed,6700,MergeSort,1241,0
AlmostSorted,6700,MergeSort,1355,0
Random,6700,HybridSort,1140,5
Reversed,6700,HybridSort,682,5
AlmostSorted,6700,HybridSort,734,5
Random,6700,HybridSort,967,10
Reversed,6700,HybridSort,588,10
AlmostSorted,6700,HybridSort,572,10
Random,6700,HybridSort,908,20
Reversed,6700,HybridSort,548,20
AlmostSorted,6700,HybridSort,446,20
Random,6700,HybridSort,1241,30
Reversed,6700,HybridSort,776,30
AlmostSorted,6700,HybridSort,362,30
Random,6700,HybridSort,875,50
Reversed,6700,HybridSort,656,50
AlmostSorted,6700,HybridSort,350,50
Random,6800,MergeSort,1768,0
Reversed,6800,MergeSort,1362,0
AlmostSorted,6800,MergeSort,1364,0
Random,6800,HybridSort,1263,5
Reversed,6800,HybridSort,716,5
AlmostSorted,6800,HybridSort,744,5
Random,6800,HybridSort,1128,10
Reversed,6800,HybridSort,600,10
AlmostSorted,6800,HybridSort,1024,10
Random,6800,HybridSort,1397,20
Reversed,6800,HybridSort,607,20
AlmostSorted,6800,HybridSort,424,20
Random,6800,HybridSort,796,30
Reversed,6800,HybridSort,550,30
AlmostSorted,6800,HybridSort,348,30
Random,6800,HybridSort,798,50
Reversed,6800,HybridSort,681,50
AlmostSorted,6800,HybridSort,413,50
Random,6900,MergeSort,2451,0
Reversed,6900,MergeSort,1330,0
AlmostSorted,6900,MergeSort,1242,0
Random,6900,HybridSort,1189,5
Reversed,6900,HybridSort,1124,5
AlmostSorted,6900,HybridSort,685,5
Random,6900,HybridSort,1484,10
Reversed,6900,HybridSort,608,10
AlmostSorted,6900,HybridSort,571,10
Random,6900,HybridSort,892,20
Reversed,6900,HybridSort,725,20
AlmostSorted,6900,HybridSort,510,20
Random,6900,HybridSort,1459,30
Reversed,6900,HybridSort,680,30
AlmostSorted,6900,HybridSort,840,30
Random,6900,HybridSort,892,50
Reversed,6900,HybridSort,668,50
AlmostSorted,6900,HybridSort,379,50
Random,7000,MergeSort,1833,0
Reversed,7000,MergeSort,1778,0
AlmostSorted,7000,MergeSort,1361,0
Random,7000,HybridSort,1226,5
Reversed,7000,HybridSort,672,5
AlmostSorted,7000,HybridSort,749,5
Random,7000,HybridSort,988,10
Reversed,7000,HybridSort,559,10
AlmostSorted,7000,HybridSort,964,10
Random,7000,HybridSort,887,20
Reversed,7000,HybridSort,982,20
AlmostSorted,7000,HybridSort,447,20
Random,7000,HybridSort,882,30
Reversed,7000,HybridSort,658,30
AlmostSorted,7000,HybridSort,392,30
Random,7000,HybridSort,1052,50
Reversed,7000,HybridSort,782,50
AlmostSorted,7000,HybridSort,878,50
Random,7100,MergeSort,2406,0
Reversed,7100,MergeSort,1363,0
AlmostSorted,7100,MergeSort,1357,0
Random,7100,HybridSort,1337,5
Reversed,7100,HybridSort,896,5
AlmostSorted,7100,HybridSort,752,5
Random,7100,HybridSort,1103,10
Reversed,7100,HybridSort,590,10
AlmostSorted,7100,HybridSort,535,10
Random,7100,HybridSort,859,20
Reversed,7100,HybridSort,586,20
AlmostSorted,7100,HybridSort,421,20
Random,7100,HybridSort,845,30
Reversed,7100,HybridSort,629,30
AlmostSorted,7100,HybridSort,342,30
Random,7100,HybridSort,887,50
Reversed,7100,HybridSort,693,50
AlmostSorted,7100,HybridSort,384,50
Random,7200,MergeSort,1706,0
Reversed,7200,MergeSort,1175,0
AlmostSorted,7200,MergeSort,1765,0
Random,7200,HybridSort,1635,5
Reversed,7200,HybridSort,703,5
AlmostSorted,7200,HybridSort,684,5
Random,7200,HybridSort,1041,10
Reversed,7200,HybridSort,974,10
AlmostSorted,7200,HybridSort,600,10
Random,7200,HybridSort,1469,20
Reversed,7200,HybridSort,1083,20
AlmostSorted,7200,HybridSort,442,20
Random,7200,HybridSort,872,30
Reversed,7200,HybridSort,676,30
AlmostSorted,7200,HybridSort,369,30
Random,7200,HybridSort,882,50
Reversed,7200,HybridSort,714,50
AlmostSorted,7200,HybridSort,423,50
Random,7300,MergeSort,2602,0
Reversed,7300,MergeSort,1368,0
AlmostSorted,7300,MergeSort,1325,0
Random,7300,HybridSort,1182,5
Reversed,7300,HybridSort,766,5
AlmostSorted,7300,HybridSort,1229,5
Random,7300,HybridSort,1536,10
Reversed,7300,HybridSort,680,10
AlmostSorted,7300,HybridSort,619,10
Random,7300,HybridSort,1002,20
Reversed,7300,HybridSort,675,20
AlmostSorted,7300,HybridSort,538,20
Random,7300,HybridSort,1498,30
Reversed,7300,HybridSort,1166,30
AlmostSorted,7300,HybridSort,410,30
Random,7300,HybridSort,969,50
Reversed,7300,HybridSort,742,50
AlmostSorted,7300,HybridSort,464,50
Random,7400,MergeSort,2092,0
Reversed,7400,MergeSort,2216,0
AlmostSorted,7400,MergeSort,1471,0
Random,7400,HybridSort,1268,5
Reversed,7400,HybridSort,806,5
AlmostSorted,7400,HybridSort,815,5
Random,7400,HybridSort,1678,10
Reversed,7400,HybridSort,1131,10
AlmostSorted,7400,HybridSort,739,10
Random,7400,HybridSort,1037,20
Reversed,7400,HybridSort,761,20
AlmostSorted,7400,HybridSort,499,20
Random,7400,HybridSort,1059,30
Reversed,7400,HybridSort,679,30
AlmostSorted,7400,HybridSort,538,30
Random,7400,HybridSort,902,50
Reversed,7400,HybridSort,713,50
AlmostSorted,7400,HybridSort,367,50
Random,7500,MergeSort,1870,0
Reversed,7500,MergeSort,1410,0
AlmostSorted,7500,MergeSort,1773,0
Random,7500,HybridSort,1563,5
Reversed,7500,HybridSort,708,5
AlmostSorted,7500,HybridSort,682,5
Random,7500,HybridSort,1038,10
Reversed,7500,HybridSort,747,10
AlmostSorted,7500,HybridSort,792,10
Random,7500,HybridSort,1594,20
Reversed,7500,HybridSort,1449,20
AlmostSorted,7500,HybridSort,517,20
Random,7500,HybridSort,1003,30
Reversed,7500,HybridSort,747,30
AlmostSorted,7500,HybridSort,432,30
Random,7500,HybridSort,996,50
Reversed,7500,HybridSort,1259,50
AlmostSorted,7500,HybridSort,405,50
Random,7600,MergeSort,1939,0
Reversed,7600,MergeSort,1451,0
AlmostSorted,7600,MergeSort,2023,0
Random,7600,HybridSort,1615,5
Reversed,7600,HybridSort,720,5
AlmostSorted,7600,HybridSort,723,5
Random,7600,HybridSort,1108,10
Reversed,7600,HybridSort,682,10
AlmostSorted,7600,HybridSort,617,10
Random,7600,HybridSort,1737,20
Reversed,7600,HybridSort,1026,20
AlmostSorted,7600,HybridSort,560,20
Random,7600,HybridSort,1152,30
Reversed,7600,HybridSort,789,30
AlmostSorted,7600,HybridSort,432,30
Random,7600,HybridSort,1018,50
Reversed,7600,HybridSort,733,50
AlmostSorted,7600,HybridSort,942,50
Random,7700,MergeSort,2477,0
Reversed,7700,MergeSort,1396,0
AlmostSorted,7700,MergeSort,1655,0
Random,7700,HybridSort,1546,5
Reversed,7700,HybridSort,694,5
AlmostSorted,7700,HybridSort,1123,5
Random,7700,HybridSort,1038,10
Reversed,7700,HybridSort,627,10
AlmostSorted,7700,HybridSort,632,10
Random,7700,HybridSort,1209,20
Reversed,7700,HybridSort,1272,20
AlmostSorted,7700,HybridSort,532,20
Random,7700,HybridSort,1521,30
Reversed,7700,HybridSort,776,30
AlmostSorted,7700,HybridSort,441,30
Random,7700,HybridSort,1020,50
Reversed,7700,HybridSort,815,50
AlmostSorted,7700,HybridSort,440,50
Random,7800,MergeSort,2934,0
Reversed,7800,MergeSort,1609,0
AlmostSorted,7800,MergeSort,1379,0
Random,7800,HybridSort,1218,5
Reversed,7800,HybridSort,1262,5
AlmostSorted,7800,HybridSort,1248,5
Random,7800,HybridSort,1130,10
Reversed,7800,HybridSort,694,10
AlmostSorted,7800,HybridSort,609,10
Random,7800,HybridSort,1047,20
Reversed,7800,HybridSort,805,20
AlmostSorted,7800,HybridSort,741,20
Random,7800,HybridSort,1398,30
Reversed,7800,HybridSort,846,30
AlmostSorted,7800,HybridSort,505,30
Random,7800,HybridSort,1065,50
Reversed,7800,HybridSort,815,50
AlmostSorted,7800,HybridSort,439,50
Random,7900,MergeSort,2632,0
Reversed,7900,MergeSort,2161,0
AlmostSorted,7900,MergeSort,1476,0
Random,7900,HybridSort,1430,5
Reversed,7900,HybridSort,1343,5
AlmostSorted,7900,HybridSort,1292,5
Random,7900,HybridSort,1295,10
Reversed,7900,HybridSort,849,10
AlmostSorted,7900,HybridSort,794,10
Random,7900,HybridSort,1186,20
Reversed,7900,HybridSort,2145,20
AlmostSorted,7900,HybridSort,829,20
Random,7900,HybridSort,1122,30
Reversed,7900,HybridSort,714,30
AlmostSorted,7900,HybridSort,468,30
Random,7900,HybridSort,975,50
Reversed,7900,HybridSort,732,50
AlmostSorted,7900,HybridSort,402,50
Random,8000,MergeSort,3411,0
Reversed,8000,MergeSort,1746,0
AlmostSorted,8000,MergeSort,1849,0
Random,8000,HybridSort,2177,5
Reversed,8000,HybridSort,817,5
AlmostSorted,8000,HybridSort,748,5
Random,8000,HybridSort,1226,10
Reversed,8000,HybridSort,632,10
AlmostSorted,8000,HybridSort,653,10
Random,8000,HybridSort,1002,20
Reversed,8000,HybridSort,671,20
AlmostSorted,8000,HybridSort,504,20
Random,8000,HybridSort,993,30
Reversed,8000,HybridSort,709,30
AlmostSorted,8000,HybridSort,469,30
Random,8000,HybridSort,928,50
Reversed,8000,HybridSort,725,50
AlmostSorted,8000,HybridSort,390,50
Random,8100,MergeSort,2141,0
Reversed,8100,MergeSort,1453,0
AlmostSorted,8100,MergeSort,1382,0
Random,8100,HybridSort,1258,5
Reversed,8100,HybridSort,803,5
AlmostSorted,8100,HybridSort,779,5
Random,8100,HybridSort,1202,10
Reversed,8100,HybridSort,760,10
AlmostSorted,8100,HybridSort,654,10
Random,8100,HybridSort,1144,20
Reversed,8100,HybridSort,720,20
AlmostSorted,8100,HybridSort,494,20
Random,8100,HybridSort,1064,30
Reversed,8100,HybridSort,793,30
AlmostSorted,8100,HybridSort,519,30
Random,8100,HybridSort,1066,50
Reversed,8100,HybridSort,935,50
AlmostSorted,8100,HybridSort,437,50
Random,8200,MergeSort,2186,0
Reversed,8200,MergeSort,1529,0
AlmostSorted,8200,MergeSort,1626,0
Random,8200,HybridSort,1499,5
Reversed,8200,HybridSort,961,5
AlmostSorted,8200,HybridSort,724,5
Random,8200,HybridSort,1082,10
Reversed,8200,HybridSort,670,10
AlmostSorted,8200,HybridSort,612,10
Random,8200,HybridSort,1061,20
Reversed,8200,HybridSort,836,20
AlmostSorted,8200,HybridSort,520,20
Random,8200,HybridSort,1139,30
Reversed,8200,HybridSort,756,30
AlmostSorted,8200,HybridSort,546,30
Random,8200,HybridSort,1113,50
Reversed,8200,HybridSort,913,50
AlmostSorted,8200,HybridSort,449,50
Random,8300,MergeSort,2348,0
Reversed,8300,MergeSort,1747,0
AlmostSorted,8300,MergeSort,1515,0
Random,8300,HybridSort,1750,5
Reversed,8300,HybridSort,1220,5
AlmostSorted,8300,HybridSort,755,5
Random,8300,HybridSort,1111,10
Reversed,8300,HybridSort,718,10
AlmostSorted,8300,HybridSort,625,10
Random,8300,HybridSort,1073,20
Reversed,8300,HybridSort,1196,20
AlmostSorted,8300,HybridSort,530,20
Random,8300,HybridSort,1549,30
Reversed,8300,HybridSort,745,30
AlmostSorted,8300,HybridSort,511,30
Random,8300,HybridSort,1092,50
Reversed,8300,HybridSort,881,50
AlmostSorted,8300,HybridSort,465,50
Random,8400,MergeSort,3390,0
Reversed,8400,MergeSort,1608,0
AlmostSorted,8400,MergeSort,1628,0
Random,8400,HybridSort,2404,5
Reversed,8400,HybridSort,840,5
AlmostSorted,8400,HybridSort,862,5
Random,8400,HybridSort,1309,10
Reversed,8400,HybridSort,744,10
AlmostSorted,8400,HybridSort,689,10
Random,8400,HybridSort,1506,20
Reversed,8400,HybridSort,763,20
AlmostSorted,8400,HybridSort,647,20
Random,8400,HybridSort,1066,30
Reversed,8400,HybridSort,689,30
AlmostSorted,8400,HybridSort,518,30
Random,8400,HybridSort,1008,50
Reversed,8400,HybridSort,892,50
AlmostSorted,8400,HybridSort,396,50
Random,8500,MergeSort,2026,0
Reversed,8500,MergeSort,1541,0
AlmostSorted,8500,MergeSort,1443,0
Random,8500,HybridSort,1293,5
Reversed,8500,HybridSort,1351,5
AlmostSorted,8500,HybridSort,1160,5
Random,8500,HybridSort,1241,10
Reversed,8500,HybridSort,703,10
AlmostSorted,8500,HybridSort,582,10
Random,8500,HybridSort,1027,20
Reversed,8500,HybridSort,876,20
AlmostSorted,8500,HybridSort,922,20
Random,8500,HybridSort,1451,30
Reversed,8500,HybridSort,684,30
AlmostSorted,8500,HybridSort,476,30
Random,8500,HybridSort,1093,50
Reversed,8500,HybridSort,884,50
AlmostSorted,8500,HybridSort,623,50
Random,8600,MergeSort,3846,0
Reversed,8600,MergeSort,1808,0
AlmostSorted,8600,MergeSort,1676,0
Random,8600,HybridSort,1892,5
Reversed,8600,HybridSort,1131,5
AlmostSorted,8600,HybridSort,820,5
Random,8600,HybridSort,1290,10
Reversed,8600,HybridSort,769,10
AlmostSorted,8600,HybridSort,685,10
Random,8600,HybridSort,1622,20
Reversed,8600,HybridSort,1259,20
AlmostSorted,8600,HybridSort,566,20
Random,8600,HybridSort,1168,30
Reversed,8600,HybridSort,817,30
AlmostSorted,8600,HybridSort,717,30
Random,8600,HybridSort,1202,50
Reversed,8600,HybridSort,1308,50
AlmostSorted,8600,HybridSort,465,50
Random,8700,MergeSort,2125,0
Reversed,8700,MergeSort,1519,0
AlmostSorted,8700,MergeSort,1535,0
Random,8700,HybridSort,1348,5
Reversed,8700,HybridSort,832,5
AlmostSorted,8700,HybridSort,763,5
Random,8700,HybridSort,1400,10
Reversed,8700,HybridSort,792,10
AlmostSorted,8700,HybridSort,603,10
Random,8700,HybridSort,1540,20
Reversed,8700,HybridSort,979,20
AlmostSorted,8700,HybridSort,572,20
Random,8700,HybridSort,1129,30
Reversed,8700,HybridSort,702,30
AlmostSorted,8700,HybridSort,532,30
Random,8700,HybridSort,1063,50
Reversed,8700,HybridSort,808,50
AlmostSorted,8700,HybridSort,486,50
Random,8800,MergeSort,2960,0
Reversed,8800,MergeSort,1611,0
AlmostSorted,8800,MergeSort,1850,0
Random,8800,HybridSort,2456,5
Reversed,8800,HybridSort,969,5
AlmostSorted,8800,HybridSort,875,5
Random,8800,HybridSort,1172,10
Reversed,8800,HybridSort,686,10
AlmostSorted,8800,HybridSort,611,10
Random,8800,HybridSort,1064,20
Reversed,8800,HybridSort,791,20
AlmostSorted,8800,HybridSort,600,20
Random,8800,HybridSort,1047,30
Reversed,8800,HybridSort,844,30
AlmostSorted,8800,HybridSort,508,30
Random,8800,HybridSort,1165,50
Reversed,8800,HybridSort,1071,50
AlmostSorted,8800,HybridSort,484,50
Random,8900,MergeSort,2494,0
Reversed,8900,MergeSort,1865,0
AlmostSorted,8900,MergeSort,1662,0
Random,8900,HybridSort,1771,5
Reversed,8900,HybridSort,999,5
AlmostSorted,8900,HybridSort,760,5
Random,8900,HybridSort,1219,10
Reversed,8900,HybridSort,794,10
AlmostSorted,8900,HybridSort,684,10
Random,8900,HybridSort,1165,20
Reversed,8900,HybridSort,1299,20
AlmostSorted,8900,HybridSort,610,20
Random,8900,HybridSort,1174,30
Reversed,8900,HybridSort,799,30
AlmostSorted,8900,HybridSort,625,30
Random,8900,HybridSort,1197,50
Reversed,8900,HybridSort,934,50
AlmostSorted,8900,HybridSort,966,50
Random,9000,MergeSort,2869,0
Reversed,9000,MergeSort,1723,0
AlmostSorted,9000,MergeSort,2448,0
Random,9000,HybridSort,2036,5
Reversed,9000,HybridSort,930,5
AlmostSorted,9000,HybridSort,889,5
Random,9000,HybridSort,1347,10
Reversed,9000,HybridSort,1466,10
AlmostSorted,9000,HybridSort,727,10
Random,9000,HybridSort,1310,20
Reversed,9000,HybridSort,886,20
AlmostSorted,9000,HybridSort,523,20
Random,9000,HybridSort,1125,30
Reversed,9000,HybridSort,767,30
AlmostSorted,9000,HybridSort,512,30
Random,9000,HybridSort,1087,50
Reversed,9000,HybridSort,959,50
AlmostSorted,9000,HybridSort,427,50
Random,9100,MergeSort,2221,0
Reversed,9100,MergeSort,1575,0
AlmostSorted,9100,MergeSort,1701,0
Random,9100,HybridSort,1723,5
Reversed,9100,HybridSort,894,5
AlmostSorted,9100,HybridSort,826,5
Random,9100,HybridSort,1247,10
Reversed,9100,HybridSort,802,10
AlmostSorted,9100,HybridSort,1109,10
Random,9100,HybridSort,1577,20
Reversed,9100,HybridSort,930,20
AlmostSorted,9100,HybridSort,530,20
Random,9100,HybridSort,1189,30
Reversed,9100,HybridSort,751,30
AlmostSorted,9100,HybridSort,573,30
Random,9100,HybridSort,1057,50
Reversed,9100,HybridSort,860,50
AlmostSorted,9100,HybridSort,564,50
Random,9200,MergeSort,2273,0
Reversed,9200,MergeSort,1663,0
AlmostSorted,9200,MergeSort,1775,0
Random,9200,HybridSort,1705,5
Reversed,9200,HybridSort,1004,5
AlmostSorted,9200,HybridSort,895,5
Random,9200,HybridSort,1338,10
Reversed,9200,HybridSort,953,10
AlmostSorted,9200,HybridSort,703,10
Random,9200,HybridSort,1324,20
Reversed,9200,HybridSort,830,20
AlmostSorted,9200,HybridSort,581,20
Random,9200,HybridSort,1215,30
Reversed,9200,HybridSort,839,30
AlmostSorted,9200,HybridSort,567,30
Random,9200,HybridSort,1328,50
Reversed,9200,HybridSort,1112,50
AlmostSorted,9200,HybridSort,448,50
Random,9300,MergeSort,2359,0
Reversed,9300,MergeSort,1659,0
AlmostSorted,9300,MergeSort,1888,0
Random,9300,HybridSort,1666,5
Reversed,9300,HybridSort,991,5
AlmostSorted,9300,HybridSort,932,5
Random,9300,HybridSort,1440,10
Reversed,9300,HybridSort,832,10
AlmostSorted,9300,HybridSort,877,10
Random,9300,HybridSort,1265,20
Reversed,9300,HybridSort,854,20
AlmostSorted,9300,HybridSort,575,20
Random,9300,HybridSort,1174,30
Reversed,9300,HybridSort,836,30
AlmostSorted,9300,HybridSort,517,30
Random,9300,HybridSort,1584,50
Reversed,9300,HybridSort,926,50
AlmostSorted,9300,HybridSort,433,50
Random,9400,MergeSort,2433,0
Reversed,9400,MergeSort,1721,0
AlmostSorted,9400,MergeSort,2402,0
Random,9400,HybridSort,1622,5
Reversed,9400,HybridSort,994,5
AlmostSorted,9400,HybridSort,921,5
Random,9400,HybridSort,1904,10
Reversed,9400,HybridSort,1335,10
AlmostSorted,9400,HybridSort,760,10
Random,9400,HybridSort,1264,20
Reversed,9400,HybridSort,865,20
AlmostSorted,9400,HybridSort,619,20
Random,9400,HybridSort,1295,30
Reversed,9400,HybridSort,1368,30
AlmostSorted,9400,HybridSort,996,30
Random,9400,HybridSort,1250,50
Reversed,9400,HybridSort,1074,50
AlmostSorted,9400,HybridSort,486,50
Random,9500,MergeSort,3450,0
Reversed,9500,MergeSort,1796,0
AlmostSorted,9500,MergeSort,1951,0
Random,9500,HybridSort,1616,5
Reversed,9500,HybridSort,943,5
AlmostSorted,9500,HybridSort,905,5
Random,9500,HybridSort,1426,10
Reversed,9500,HybridSort,742,10
AlmostSorted,9500,HybridSort,650,10
Random,9500,HybridSort,1333,20
Reversed,9500,HybridSort,865,20
AlmostSorted,9500,HybridSort,574,20
Random,9500,HybridSort,1227,30
Reversed,9500,HybridSort,823,30
AlmostSorted,9500,HybridSort,537,30
Random,9500,HybridSort,1186,50
Reversed,9500,HybridSort,989,50
AlmostSorted,9500,HybridSort,460,50
Random,9600,MergeSort,2518,0
Reversed,9600,MergeSort,1779,0
AlmostSorted,9600,MergeSort,1823,0
Random,9600,HybridSort,1677,5
Reversed,9600,HybridSort,1068,5
AlmostSorted,9600,HybridSort,1377,5
Random,9600,HybridSort,1304,10
Reversed,9600,HybridSort,765,10
AlmostSorted,9600,HybridSort,657,10
Random,9600,HybridSort,1648,20
Reversed,9600,HybridSort,821,20
AlmostSorted,9600,HybridSort,1031,20
Random,9600,HybridSort,1243,30
Reversed,9600,HybridSort,868,30
AlmostSorted,9600,HybridSort,601,30
Random,9600,HybridSort,1327,50
Reversed,9600,HybridSort,1486,50
AlmostSorted,9600,HybridSort,522,50
Random,9700,MergeSort,2754,0
Reversed,9700,MergeSort,1829,0
AlmostSorted,9700,MergeSort,1697,0
Random,9700,HybridSort,1431,5
Reversed,9700,HybridSort,867,5
AlmostSorted,9700,HybridSort,814,5
Random,9700,HybridSort,1352,10
Reversed,9700,HybridSort,874,10
AlmostSorted,9700,HybridSort,730,10
Random,9700,HybridSort,1285,20
Reversed,9700,HybridSort,878,20
AlmostSorted,9700,HybridSort,596,20
Random,9700,HybridSort,1491,30
Reversed,9700,HybridSort,894,30
AlmostSorted,9700,HybridSort,639,30
Random,9700,HybridSort,1292,50
Reversed,9700,HybridSort,1029,50
AlmostSorted,9700,HybridSort,494,50
Random,9800,MergeSort,2579,0
Reversed,9800,MergeSort,1825,0
AlmostSorted,9800,MergeSort,1868,0
Random,9800,HybridSort,1656,5
Reversed,9800,HybridSort,1126,5
AlmostSorted,9800,HybridSort,1037,5
Random,9800,HybridSort,1508,10
Reversed,9800,HybridSort,963,10
AlmostSorted,9800,HybridSort,725,10
Random,9800,HybridSort,1208,20
Reversed,9800,HybridSort,860,20
AlmostSorted,9800,HybridSort,633,20
Random,9800,HybridSort,1291,30
Reversed,9800,HybridSort,856,30
AlmostSorted,9800,HybridSort,633,30
Random,9800,HybridSort,1283,50
Reversed,9800,HybridSort,1148,50
AlmostSorted,9800,HybridSort,577,50
Random,9900,MergeSort,2733,0
Reversed,9900,MergeSort,2224,0
AlmostSorted,9900,MergeSort,1895,0
Random,9900,HybridSort,1654,5
Reversed,9900,HybridSort,1000,5
AlmostSorted,9900,HybridSort,937,5
Random,9900,HybridSort,1475,10
Reversed,9900,HybridSort,882,10
AlmostSorted,9900,HybridSort,748,10
Random,9900,HybridSort,1312,20
Reversed,9900,HybridSort,972,20
AlmostSorted,9900,HybridSort,620,20
Random,9900,HybridSort,1390,30
Reversed,9900,HybridSort,924,30
AlmostSorted,9900,HybridSort,872,30
Random,9900,HybridSort,1349,50
Reversed,9900,HybridSort,963,50
AlmostSorted,9900,HybridSort,464,50
Random,10000,MergeSort,2796,0
Reversed,10000,MergeSort,1684,0
AlmostSorted,10000,MergeSort,2278,0
Random,10000,HybridSort,2236,5
Reversed,10000,HybridSort,1024,5
AlmostSorted,10000,HybridSort,995,5
Random,10000,HybridSort,1475,10
Reversed,10000,HybridSort,1038,10
AlmostSorted,10000,HybridSort,745,10
Random,10000,HybridSort,1272,20
Reversed,10000,HybridSort,835,20
AlmostSorted,10000,HybridSort,549,20
Random,10000,HybridSort,1232,30
Reversed,10000,HybridSort,848,30
AlmostSorted,10000,HybridSort,544,30
Random,10000,HybridSort,1289,50
Reversed,10000,HybridSort,1045,50
AlmostSorted,10000,HybridSort,511,50
